factor,centrality,causality,type
政策法规,-2.915684914273289,2.220446049250313e-16,原因因素
组织保障,-2.7833301074021053,-2.220446049250313e-16,结果因素
平台建设,-2.7666495047518485,2.220446049250313e-16,原因因素
数据质量,-2.9861879753718146,-6.661338147750939e-16,结果因素
应用效果,-3.0339193704524505,4.440892098500626e-16,原因因素
