{
  "computed_at": "2026-04-24T22:53:45.827589",
  "sample_size": 22,
  "indicators": [
    "has_https",
    "has_search",
    "has_download",
    "has_api",
    "has_visualization",
    "has_update_info",
    "has_metadata",
    "has_feedback",
    "has_register",
    "has_preview",
    "has_bulk_download"
  ],
  "topsis_weights": {
    "has_https": 0.017811353649971405,
    "has_search": 0.05945121341615934,
    "has_download": 0.11298032973313178,
    "has_api": 0.09810676907668472,
    "has_visualization": 0.0981067690766846,
    "has_update_info": 0.21260443036958593,
    "has_metadata": 0.11298032973313185,
    "has_feedback": 0.1662831504208991,
    "has_register": 0.11298032973313185,
    "has_preview": 0.0086953247906191,
    "has_bulk_download": 2.5867093405195145e-16
  },
  "dematel_summary": {
    "center": {
      "供给保障(C1)": 6.588850174216029,
      "平台服务(C2)": 4.634146341463415,
      "数据质量(C3)": 4.3170731707317085,
      "利用效果(C4)": 6.759581881533102
    },
    "cause": {
      "供给保障(C1)": 6.588850174216029,
      "平台服务(C2)": 0.6829268292682931,
      "数据质量(C3)": -0.5121951219512195,
      "利用效果(C4)": -6.759581881533102
    }
  },
  "fsqca_summary": {
    "high_performance_count": 11,
    "valid_configurations": 4
  }
}