{
  "dimensions": [
    "E1",
    "E2",
    "E3",
    "E4"
  ],
  "direct_matrix": [
    [
      0.0,
      0.8053812603388508,
      0.8694028950321872,
      0.7496628240894211
    ],
    [
      0.8053812603388508,
      0.0,
      0.8668135469710861,
      0.811960556442888
    ],
    [
      0.8694028950321873,
      0.8668135469710861,
      0.0,
      0.7734653486877001
    ],
    [
      0.7496628240894211,
      0.811960556442888,
      0.7734653486877001,
      0.0
    ]
  ],
  "total_matrix": [
    [
      8.47042870833132,
      8.865273036133031,
      8.948447408153104,
      8.454934179994366
    ],
    [
      8.86527303613303,
      8.77715054099459,
      9.103722262932004,
      8.617044602608232
    ],
    [
      8.948447408153104,
      9.103722262932006,
      8.917771663852948,
      8.674898366982365
    ],
    [
      8.454934179994366,
      8.617044602608233,
      8.674898366982365,
      7.986982066766837
    ]
  ],
  "influence": {
    "E1": 34.73908333261182,
    "E2": 35.36319044266786,
    "E3": 35.64483970192042,
    "E4": 33.7338592163518
  },
  "affected": {
    "E1": 34.73908333261182,
    "E2": 35.363190442667864,
    "E3": 35.64483970192042,
    "E4": 33.7338592163518
  },
  "centrality": {
    "E1": 69.47816666522364,
    "E2": 70.72638088533571,
    "E3": 71.28967940384084,
    "E4": 67.4677184327036
  },
  "causality": {
    "E1": 0.0,
    "E2": -7.105427357601002e-15,
    "E3": 0.0,
    "E4": 0.0
  },
  "interpretation": {
    "causal_factors": [],
    "result_factors": [
      "E1",
      "E2",
      "E3",
      "E4"
    ]
  }
}