{
  "dimensions": [
    "C1",
    "C2",
    "C3",
    "C4"
  ],
  "direct_matrix": [
    [
      0.0,
      0.7,
      0.5,
      0.6
    ],
    [
      0.0,
      0.0,
      0.4,
      0.7
    ],
    [
      0.0,
      0.2,
      0.0,
      0.6
    ],
    [
      0.0,
      0.0,
      0.0,
      0.0
    ]
  ],
  "total_matrix": [
    [
      0.0,
      1.4390243902439026,
      1.5365853658536588,
      3.6132404181184676
    ],
    [
      0.0,
      0.19512195121951226,
      0.6829268292682928,
      1.780487804878049
    ],
    [
      0.0,
      0.3414634146341464,
      0.19512195121951226,
      1.3658536585365857
    ],
    [
      0.0,
      0.0,
      0.0,
      0.0
    ]
  ],
  "R": [
    6.588850174216029,
    2.6585365853658542,
    1.9024390243902443,
    0.0
  ],
  "C": [
    0.0,
    1.9756097560975612,
    2.414634146341464,
    6.759581881533102
  ],
  "center": [
    6.588850174216029,
    4.634146341463415,
    4.3170731707317085,
    6.759581881533102
  ],
  "cause": [
    6.588850174216029,
    0.6829268292682931,
    -0.5121951219512195,
    -6.759581881533102
  ],
  "dimension_names": [
    "供给保障(C1)",
    "平台服务(C2)",
    "数据质量(C3)",
    "利用效果(C4)"
  ]
}