{
  "dimensions": [
    "C1",
    "C2",
    "C3",
    "C4"
  ],
  "direct_matrix": [
    [
      0.0,
      0.9500718428567034,
      0.6933752452815364,
      0.9740900860426087
    ],
    [
      0.9500718428567034,
      0.0,
      0.9314524631025388,
      0.9982981141972281
    ],
    [
      0.6933752452815364,
      0.9314524631025388,
      0.0,
      1.0
    ],
    [
      0.9740900860426087,
      0.998298114197228,
      1.0,
      0.0
    ]
  ],
  "total_matrix": [
    [
      -0.7037998342923659,
      -0.25594162958668404,
      -0.29553895551918724,
      -0.26251935678015526
    ],
    [
      -0.25594162958668404,
      -0.7788451009168389,
      -0.2628313957162861,
      -0.2913630810020667
    ],
    [
      -0.2955389555191872,
      -0.2628313957162861,
      -0.7060340258136069,
      -0.2562996791196285
    ],
    [
      -0.2625193567801552,
      -0.2913630810020667,
      -0.25629967911962853,
      -0.8028843962645176
    ]
  ],
  "R": [
    -1.5177997761783923,
    -1.5889812072218759,
    -1.5207040561687086,
    -1.613066513166368
  ],
  "C": [
    -1.5177997761783923,
    -1.5889812072218759,
    -1.5207040561687089,
    -1.613066513166368
  ],
  "center": [
    -3.0355995523567847,
    -3.1779624144437517,
    -3.0414081123374173,
    -3.226133026332736
  ],
  "cause": [
    0.0,
    0.0,
    2.220446049250313e-16,
    0.0
  ],
  "dimension_names": [
    "供给保障(C1)",
    "平台服务(C2)",
    "数据质量(C3)",
    "利用效果(C4)"
  ]
}